{
  "project_info": {
    "project_number": "884524609714",
    "project_id": "and1-e76c3",
    "storage_bucket": "and1-e76c3.appspot.com"
  },
  "client": [
    {
      "client_info": {
        "mobilesdk_app_id": "1:884524609714:android:713ec18ea3c23f7e8d59ab",
        "android_client_info": {
          "package_name": "com.example.todoliste"
        }
      },
      "oauth_client": [
        {
          "client_id": "884524609714-bpnr4g5bu04b3inbu2dieetf6p6f9cda.apps.googleusercontent.com",
          "client_type": 1,
          "android_info": {
            "package_name": "com.example.todoliste",
            "certificate_hash": "7dddf6b7c3f22340f2260f9e48d43319c700ad97"
          }
        },
        {
          "client_id": "884524609714-10a7lb47mv984nqarp5fv10b1bb4l6f5.apps.googleusercontent.com",
          "client_type": 3
        }
      ],
      "api_key": [
        {
          "current_key": "AIzaSyCsFxDNuDyZLEpqpdo6rpVPIKlOrhtowwU"
        }
      ],
      "services": {
        "appinvite_service": {
          "other_platform_oauth_client": [
            {
              "client_id": "884524609714-10a7lb47mv984nqarp5fv10b1bb4l6f5.apps.googleusercontent.com",
              "client_type": 3
            }
          ]
        }
      }
    }
  ],
  "configuration_version": "1"
}